{
    "generation": 95,
    "elo": 2069.6231244673777,
    "patience_exceeded_counter": 0,
    "y_elo_list": [
        [
            0,
            435.4409280292761,
            862.7152727277407,
            949.1986656332062,
            1017.9066197424218,
            1123.5700740267637,
            1172.7319007059025,
            1254.613228649238,
            1208.4007214146504,
            1258.8188093999581,
            1268.748242889971,
            1364.0005285665911,
            1444.0238944916211,
            1841.743102961833,
            1889.6772369499013,
            1952.391678494019,
            2015.736675332119,
            2005.4718792036645,
            2058.43155655317,
            2146.00906014235,
            2160.615793672655,
            2148.733022939443,
            2075.275264160992,
            2165.1690393025297,
            2159.1781769146687,
            2190.5773191911435,
            2087.551598437987,
            2068.63475778433,
            2039.4983305776875,
            2038.0566808701574,
            2063.733821739095,
            2069.6231244673777
        ]
    ],
    "x_elo_list": [
        0,
        3,
        6,
        9,
        12,
        15,
        18,
        21,
        24,
        27,
        30,
        33,
        36,
        39,
        42,
        45,
        48,
        51,
        54,
        57,
        60,
        63,
        66,
        69,
        72,
        75,
        78,
        81,
        84,
        87,
        90,
        93
    ],
    "y_validation_loss_list": [
        [
            2.9486239655150306,
            2.586891609595882,
            2.364769333932135,
            2.26668627263762,
            2.193670253480337,
            2.148338400856566,
            2.126747113135126,
            2.118550611135051,
            2.0908668047851986,
            2.067908187376128,
            2.06128800312678,
            2.040246630571165,
            1.920463058171351,
            1.8556039606668673,
            1.81699286187222,
            1.831717716560838,
            1.7984538490955646,
            1.8156965537130503,
            1.7535355976108689,
            1.7931046698304172,
            1.7870228949995988,
            1.775051668039343,
            1.7416683852837231,
            1.7321037017838072,
            1.7673351758092806,
            1.6681770040438724,
            1.6962704320968185,
            1.6806705130562598,
            1.7132750784165292,
            1.7105701790078656,
            1.676969973504214,
            1.6497037270780428,
            1.6725128642926559,
            1.640160067634688,
            1.645925204727531,
            1.6517188400853404,
            1.616394467979342,
            1.6598624084865192,
            1.6908271499387513,
            1.6323923876930997,
            1.6581610924466539,
            1.6571172798400398,
            1.632988627279661,
            1.6544424810416096,
            1.5896433103051815,
            1.611623203886148,
            1.63068910173619,
            1.6216085817438461,
            1.5766875102788538,
            1.5586964519313686,
            1.5621927675291978,
            1.550985332845983,
            1.525008236258728,
            1.5167506522202228,
            1.5255289712498858,
            1.5290078002938907,
            1.510522789553384,
            1.5042851939385768,
            1.525124319350522,
            1.5010794214286856,
            1.5176714865060952,
            1.5117043618997816,
            1.4864568497923858,
            1.4714378107812522,
            1.472427218329182,
            1.4664090548266362,
            1.463430479005143,
            1.4701205663259516,
            1.4197131298728043,
            1.459147377402743,
            1.4724069593361069,
            1.4575834623357866,
            1.4526003650209522,
            1.4365568055392621,
            1.4482839578423052,
            1.4505594390861238,
            1.3962922456500293,
            1.4636968985940868,
            1.4552862752269913,
            1.4594734035186716,
            1.489632012106437,
            1.4739763949951414,
            1.4496220042363057,
            1.4742773530068318,
            1.4850176269045243,
            1.4889361383341952,
            1.4693796246091304,
            1.4620846180797933,
            1.483534326704826,
            1.479905696616647,
            1.4744075246937367,
            1.4929032110871532,
            1.4491014864582281,
            1.4645892967012049,
            1.472666606718664
        ],
        [
            2.4898434466785853,
            2.171738092104594,
            2.015588012006548,
            1.9509208749012394,
            1.8563053173254866,
            1.8208895203816957,
            1.767456900411182,
            1.7524986431743559,
            1.725970709323883,
            1.722297990322113,
            1.7084104398886362,
            1.6905619136536318,
            1.607432221839441,
            1.5050025355091412,
            1.4970426974375604,
            1.4866544100461085,
            1.4692687280885466,
            1.4632672091215355,
            1.4359960127930615,
            1.4441841662918007,
            1.4493365406331435,
            1.4331803117667772,
            1.4107523820676857,
            1.4051418679853829,
            1.4149735375662535,
            1.3520822878722305,
            1.3326982417817932,
            1.347189487673301,
            1.3468103876430026,
            1.3475341954074063,
            1.339370055751906,
            1.31884240972403,
            1.319806826048793,
            1.3066184198000155,
            1.312782653787518,
            1.3190349175785128,
            1.355791714165237,
            1.366964208486989,
            1.3885061315127782,
            1.3473103336207775,
            1.3477429658668476,
            1.3536919610840934,
            1.3430622756810477,
            1.3288884274252168,
            1.2936477294334998,
            1.313384292534043,
            1.3291894408220744,
            1.313722904874475,
            1.2818152629412138,
            1.279236678260466,
            1.262493614992384,
            1.2405656273193781,
            1.2449414262455472,
            1.2285495341479122,
            1.2292727897180378,
            1.233979152052442,
            1.2265115936816726,
            1.2212616014217146,
            1.202534279770614,
            1.1952013455701795,
            1.206826341021192,
            1.187369679877771,
            1.1971204827503605,
            1.1910765599150683,
            1.1761531388562028,
            1.1758822248785534,
            1.174004275720198,
            1.1774766227817008,
            1.1458907821676234,
            1.1724260182670467,
            1.1607882680155295,
            1.161893231434058,
            1.1494402207063708,
            1.1448359207792596,
            1.1477297439100993,
            1.142024988956873,
            1.1431875687379103,
            1.1718002840958905,
            1.1790553508224069,
            1.1731803702129113,
            1.1759158280672948,
            1.1767641813056904,
            1.1756052193720696,
            1.1699410999677458,
            1.1736190240461748,
            1.160897188423747,
            1.163772092998357,
            1.155832821196252,
            1.1741557062001517,
            1.1694213454894598,
            1.1692095757847991,
            1.1738214130559679,
            1.168159197319995,
            1.1597875419242607,
            1.1634669093137289
        ],
        [
            0.4587805188364453,
            0.41515351749128765,
            0.34918132192558715,
            0.3157653977363808,
            0.3373649361548503,
            0.32744888047487036,
            0.3592902127239439,
            0.3660519679606949,
            0.3648960954613156,
            0.34561019705401524,
            0.3528775632381439,
