{
    "generation": 12,
    "elo": 1017.9066197424218,
    "patience_exceeded_counter": 0,
    "y_elo_list": [
        [
            0,
            435.4409280292761,
            862.7152727277407,
            949.1986656332062,
            1017.9066197424218
        ]
    ],
    "x_elo_list": [
        0,
        3,
        6,
        9,
        12
    ],
    "y_validation_loss_list": [
        [
            2.9486239655150306,
            2.586891609595882,
            2.364769333932135,
            2.26668627263762,
            2.193670253480337,
            2.148338400856566,
            2.126747113135126,
            2.118550611135051,
            2.0908668047851986,
            2.067908187376128,
            2.06128800312678,
            2.040246630571165
        ],
        [
            2.4898434466785853,
            2.171738092104594,
            2.015588012006548,
            1.9509208749012394,
            1.8563053173254866,
            1.8208895203816957,
            1.767456900411182,
            1.7524986431743559,
            1.725970709323883,
            1.722297990322113,
            1.7084104398886362,
            1.6905619136536318
        ],
        [
            0.4587805188364453,
            0.41515351749128765,
            0.34918132192558715,
            0.3157653977363808,
            0.3373649361548503,
            0.32744888047487036,
            0.3592902127239439,
            0.3660519679606949,
            0.3648960954613156,
            0.34561019705401524,
            0.3528775632381439,
            0.3496847169175332
        ]
    ],
    "y_entropy_list": [
        [
            1.8564857823534466,
            1.7218399143510184,
            1.6337529072083983,
            1.604663711917652,
            1.556275798944027,
            1.5535115779670547,
            1.5360050470272024,
            1.539622680925433,
            1.506327457566527,
            1.5264586851639517,
            1.5127603173325121,
            1.5145438554640596
        ]
    ],
    "x_general_list": [
        1,
        2,
        3,
        4,
        5,
        6,
        7,
        8,
        9,
        10,
        11,
        12
    ]
}