{
    "generation": 109,
    "elo": 1691.6335960622803,
    "patience_exceeded_counter": 2,
    "y_elo_list": [
        [
            0,
            478.5178580575872,
            803.6832007147295,
            1016.6528259893568,
            1143.9684264315515,
            1399.9078473184964,
            1460.4149174507559,
            1416.7571296807287,
            1498.9093837437963,
            1576.267830649457,
            1641.5946190571578,
            1638.625011825475,
            1738.8406131857632,
            1714.419027021772,
            1777.1334685658899,
            1710.60089985928,
            1645.5099808602001,
            1676.065319205582,
            1685.4577575453911,
            1660.5985948458533,
            1607.929747138946,
            1691.6335960622803
        ]
    ],
    "x_elo_list": [
        0,
        5,
        10,
        15,
        20,
        25,
        30,
        35,
        40,
        45,
        50,
        55,
        60,
        65,
        70,
        75,
        80,
        85,
        90,
        95,
        100,
        105
    ],
    "y_validation_loss_list": [
        [
            4.703789970704488,
            3.728180670125967,
            2.8205232835428236,
            2.5462052716189123,
            2.400819716038126,
            2.3197599311011383,
            2.2636068597570196,
            2.2169794731772736,
            2.2356114281011417,
            2.1610926542307314,
            2.207073445061603,
            2.123266526105174,
            2.0963380589588985,
            2.0929579997921848,
            2.0425441447231503,
            2.030891460736832,
            2.043129201888679,
            2.085109466653384,
            2.0129815569843155,
            1.963284742322054,
            1.9443845129138357,
            1.894803411989327,
            1.859023347003273,
            1.8642277737727038,
            1.8849124965897526,
            1.8239629891094145,
            1.857796741498483,
            1.8374661785793733,
            1.8187958046391204,
            1.8167635804700282,
            1.8609841754128627,
            1.8092625811472312,
            1.807638582211357,
            1.843231773171239,
            1.8096019512898214,
            1.8334862893694135,
            1.775175401487866,
            1.7291098649616357,
            1.7347615341583413,
            1.6999698377496846,
            1.7309357651898096,
            1.7039777688883446,
            1.6680693482314504,
            1.6530845900018651,
            1.68374853558883,
            1.6652348415848024,
            1.687339438198207,
            1.6728177948130503,
            1.6598707980599747,
            1.6626640143776368,
            1.64748494826748,
            1.6541083043849505,
            1.633125483452737,
            1.6618585876986651,
            1.6501537202535808,
            1.6495148889474325,
            1.6324932630101363,
            1.6248374169101258,
            1.5835843285074436,
            1.596737141455258,
            1.5774519976273358,
            1.611781016842381,
            1.6171176882828782,
            1.5834437939282282,
            1.5593551994708483,
            1.5797517230292342,
            1.5795847503272622,
            1.6009786353853648,
            1.5822692095069912,
            1.5991015098319796,
            1.5687897158061672,
            1.5772672369630036,
            1.582008956072925,
            1.5780445429371364,
            1.5527791782721385,
            1.5770236133279913,
            1.5616549694698727,
            1.5577493569629635,
            1.5450480417934007,
            1.574342443646785,
            1.5679614921142389,
            1.5694506001454573,
            1.5720924595454793,
            1.5677744386432408,
            1.5776126753248856,
            1.6042775883824525,
            1.5567841995619014,
            1.5872703451473078,
            1.5763654182175615,
            1.5895841123463512,
            1.5676370033782399,
            1.5845800229647495,
            1.5526346353528735,
            1.5784282157639484,
            1.581498653367833,
            1.5697691647766587,
            1.5504892786998234,
            1.5480830942740642,
            1.5811750986529682,
            1.557274758191166,
            1.5510207001052931,
            1.5560494983518445,
            1.5366045678714793,
            1.5753776233296495,
            1.554651838480115,
            1.5665587658459719,
            1.5251872406618017,
            1.5735189321333778,
            1.5328529316920776
        ],
        [
            4.109867858306978,
            3.2343634010441713,
            2.4094528172311467,
            2.133125598890236,
            1.9983166998082942,
            1.935708313462246,
            1.8904104562135071,
            1.8431641704685338,
            1.8408634386979066,
            1.7848832301142712,
            1.7885982997446175,
            1.7385217568960534,
            1.7322213431378384,
            1.729338662044422,
            1.6993362552768834,
            1.6461855420865208,
            1.6580103581928345,
            1.6712362227325668,
            1.629759189594223,
            1.626558453829081,
            1.566326325362151,
            1.5210048258304596,
            1.5009674261133354,
            1.4952639158781584,
            1.5291699163885002,
            1.4716342007433687,
            1.489167093872666,
            1.4744820383575943,
            1.4575382231234073,
            1.4608339810085869,
            1.4771469398303791,
            1.4597689901386295,
            1.4605396280775558,
            1.4633381816441426,
            1.4534480006129176,
            1.4582019103578774,
            1.4008063253339704,
            1.3739774914475176,
            1.3525481830813928,
            1.3521554298229046,
            1.360784873948083,
            1.3395584223864674,
            1.31042277275979,
            1.3085296966650106,
            1.3126037923875684,
            1.3005646224507315,
            1.313665169495362,
            1.3047658946063068,
            1.2856051383248295,
            1.3041622631564112,
            1.2963273182600559,
            1.2916561218353364,
            1.286736904679834,
            1.2855954268378411,
            1.2840634466291547,
            1.2676360635786086,
            1.2585931461371347,
            1.2634666608479208,
            1.2358695528952472,
            1.2381455185893062,
            1.2250113354389927,
            1.2417679139085718,
            1.222353000840741,
            1.2206820070025433,
            1.2261923469469218,
            1.2178374491296373,
            1.221088257637826,
            1.230925124205515,
            1.2217185550981813,
            1.2255729883016941,
            1.2205876154813937,
            1.2105550212774447,
            1.2234808600342668,
            1.202504933058326,
            1.209417890142034,
            1.2044794530925635,
            1.2146100446492611,
            1.2223478830503132,
            1.194269218309197,
            1.2010135386518375,
            1.2007491008655444,
            1.2072528606062536,
            1.2185287608040705,
            1.2108779123595528,
            1.2042786805572625,
            1.2196353722118332,
            1.1903233058795244,
            1.2019657990237973,
            1.2030015920733546,
            1.2102824547985294,
            1.2128929171019684,
            1.210392363794573,
            1.1983549804300875,
            1.2054894922731876,
            1.201637824913403,
            1.2015072771378823,
            1.1960493358309396,
            1.2070378693471473,
            1.2058837720733917,
            1.2116056277366456,
            1.2030620860482404,
            1.1975450939960308,
            1.1959370865436372,
            1.2150576282907892,
            1.1826241303703742,
            1.1984681560470536,
